Domain,Status,Attractiveness,Demand,Length,Sectors,Created,Expires,Registrar
tenth.works,available,116,7%,5,Mathematics,,,
equal.works,resell,116,19%,5,"Education,General,Law",28/12/2024 17:11,28/12/2025 17:11,"Sav.com, LLC"
above.works,available,112,22%,5,Business,,,
acute.works,available,112,9%,5,"Mathematics,Medicine,Science",,,
hotshot.works,available,112,14%,7,"Business,Entertainment,Sports",,,
abiding.works,available,106,5%,7,"General,Religion",,,
teen.works,available,104,14%,4,"Education,Entertainment,Healthcare",,,
expert.works,available,104,26%,6,"Business,Education,Technology",,,
active.works,resell,104,27%,6,"Health and Fitness,Sports,Travel",18/06/2023 15:15,18/06/2026 15:15,"Spaceship, Inc."
absent.works,available,102,8%,6,"Business,Education,Technology",,,
eight.works,available,102,23%,5,"General,Mathematics",,,
captive.works,available,102,14%,7,"Entertainment,Hospitality,Technology",,,
sixth.works,available,100,8%,5,Mathematics,,,
crack.works,available,100,20%,5,Sports,,,
abrupt.works,available,100,3%,6,"Medicine,Science",,,
remove.works,available,100,13%,6,"Construction,Manufacturing,Technology",,,
whiz.works,available,100,12%,4,"Business,Education,Technology",,,
ninth.works,available,100,9%,5,Mathematics,,,
adjunct.works,available,100,5%,7,Education,,,
eighth.works,available,100,6%,6,Mathematics,,,
whizz.works,available,98,11%,5,"Business,Education,Technology",,,
forgiving.works,available,96,3%,9,"Healthcare,Religion",,,
alamode.works,available,96,12%,9,Fashion,,,
academic.works,resell,96,20%,8,"Education,Humanities,Science",28/02/2025 17:00,28/02/2026 17:00,Dynadot Inc
adequate.works,available,94,9%,8,"Education,Healthcare,Technology",,,
about.works,available,94,28%,5,"Business,General,Media,Technology",,,
abject.works,available,94,7%,6,Humanities,,,
abroad.works,expiring,92,12%,6,"Hospitality,Travel",17/09/2024 19:59,17/09/2025 19:59,Mesh Digital Limited
exemplary.works,available,92,5%,9,"Business,Education,Healthcare",,,
twentieth.works,available,92,3%,9,Mathematics,,,
adjective.works,available,92,5%,9,Education,,,
derelict.works,available,92,7%,8,"Construction,Real Estate",,,
nought.works,available,92,4%,6,Mathematics,,,
additional.works,available,90,8%,10,"Fashion,Retail,Technology",,,
gripping.works,available,90,3%,8,"Entertainment,Media,Technology",,,
riveting.works,available,90,6%,8,"Entertainment,Media,Technology",,,
endearing.works,available,90,1%,9,"Entertainment,Fashion,Retail",,,
clear.works,resell,90,47%,5,"Manufacturing,Retail,Technology",15/10/2018 10:02,15/10/2025 10:02,Porkbun LLC
leash.works,available,90,7%,5,"General,Health and Fitness,Retail",,,
adoring.works,available,90,2%,7,"Entertainment,Fashion,Retail",,,
abortive.works,available,90,1%,8,"Medicine,Science",,,
twelve.works,resell,88,18%,6,"General,Mathematics",12/08/2025 15:15,12/08/2026 15:15,Domain Science Kutatási Szolgáltató Korlátolt Felelősségű Társaság
adlib.works,available,88,7%,6,Entertainment,,,
actionable.works,available,88,13%,10,"Business,Law",,,
sixteen.works,available,88,11%,7,Mathematics,,,
proficient.works,available,88,8%,10,"Education,Health and Fitness,Sports",,,
activist.works,available,88,12%,8,"Humanities,Politics",,,
engrossing.works,available,86,0%,10,"Entertainment,Media,Technology",,,
xiv.works,available,86,12%,3,Mathematics,,,
star.works,resell,86,40%,4,"Entertainment,Media,Sports",14/12/2018 08:27,14/12/2025 08:27,Dynadot Inc
cipher.works,resell,86,29%,6,Mathematics,21/10/2024 19:03,21/10/2025 19:03,"Sav.com, LLC"
xix.works,available,86,11%,3,Mathematics,,,
attendant.works,available,86,5%,9,"Healthcare,Hospitality,Transportation",,,
recondite.works,available,86,4%,9,"Arts,Humanities,Science",,,
extempore.works,available,86,3%,9,Entertainment,,,
adolescent.works,available,86,3%,10,"Education,Entertainment,Healthcare",,,
adjustable.works,available,84,3%,10,"Manufacturing,Retail,Technology",,,
twentyone.works,available,84,13%,10,Mathematics,,,
thirteen.works,available,84,10%,8,Mathematics,,,
accessory.works,available,84,8%,9,"Fashion,Retail,Technology",,,
fourteen.works,available,84,8%,8,Mathematics,,,
nineteen.works,available,84,8%,8,Mathematics,,,
grand.works,resell,84,25%,5,"Finance,General",07/06/2025 15:16,07/06/2026 15:16,"Sav.com, LLC - 4"
thousand.works,available,84,8%,8,Mathematics,,,
deviate.works,available,84,12%,7,"Medicine,Science",,,
seventeen.works,available,84,7%,9,Mathematics,,,
dozen.works,available,82,10%,5,Mathematics,,,
abdominal.works,available,82,1%,9,"Health and Fitness,Medicine",,,
abenaki.works,available,82,2%,7,Geography,,,
cleansing.works,available,82,3%,9,Health and Fitness,,,
abkhaz.works,available,82,1%,6,Geography,,,
enduring.works,available,82,9%,8,"Health and Fitness,Religion",,,
fivesome.works,available,82,1%,8,Sports,,,
absorbent.works,available,82,3%,9,"Healthcare,Manufacturing,Retail",,,
abroach.works,available,82,1%,7,Food and Beverage,,,
decade.works,available,82,10%,6,Mathematics,,,
two.works,available,80,24%,3,Mathematics,,,
sequent.works,available,80,7%,7,"Healthcare,Insurance,Transportation",,,
absorbable.works,available,80,0%,10,"Healthcare,Pharmaceuticals,Science",,,
adoptable.works,available,80,3%,9,"Education,Healthcare",,,
dorsal.works,available,80,6%,6,"Medicine,Science",,,
twenty.works,available,80,12%,6,Mathematics,,,
some.works,resell,80,32%,4,"Business,Media,Retail",28/01/2025 17:08,28/01/2026 17:08,"Sav.com, LLC"
first.works,expiring,80,36%,5,"General,Mathematics",01/09/2024 15:15,01/09/2025 15:15,"Global Domains International, Inc. DBA DomainCostClub.com"
absurd.works,available,80,16%,6,"Arts,Entertainment,Media",,,
worshipful.works,available,80,1%,10,"Education,Healthcare,Religion",,,
seventh.works,available,80,10%,7,Mathematics,,,
forty.works,available,80,9%,5,Mathematics,,,
absolute.works,expired,80,25%,8,"Engineering,Mathematics,Science",19/06/2024 17:05,19/06/2025 17:05,"Spaceship, Inc."
honestly.works,available,78,9%,8,"Business,Law",,,
absorptive.works,available,78,1%,10,"Healthcare,Manufacturing,Retail",,,
accepted.works,available,78,6%,8,"Business,Education,Technology",,,
adorable.works,available,78,8%,8,"Entertainment,Fashion,Retail",,,
adjacent.works,available,78,9%,8,"Construction,Real Estate,Retail",,,
abkhazian.works,available,78,1%,9,Geography,,,
acceptable.works,available,78,5%,10,"Business,Hospitality,Retail",,,
accessible.works,available,78,21%,10,"Healthcare,Retail,Technology",,,
adrenal.works,available,78,4%,7,"Education,Healthcare,Science",,,
accidental.works,available,78,11%,10,"Healthcare,Insurance,Transportation",,,
sixtynine.works,available,78,8%,10,Mathematics,,,
abounding.works,available,78,2%,9,Agriculture,,,
recognised.works,available,78,3%,10,"Business,Education,Technology",,,
athletic.works,resell,78,15%,8,"Health and Fitness,Sports",13/01/2025 17:09,13/01/2026 17:09,"Sav.com, LLC"
twentysix.works,available,78,8%,10,Mathematics,,,
low.works,available,78,20%,3,"Business,Finance",,,
recognized.works,available,78,3%,10,"Business,Education,Technology",,,
dormant.works,available,78,4%,7,"Medicine,Science",,,
acceptant.works,available,78,1%,9,"Education,Healthcare",,,
abkhasian.works,available,78,1%,9,Geography,,,
energizing.works,available,76,3%,10,"Food and Beverage,Health and Fitness,Travel",,,
hundredth.works,available,76,1%,9,Mathematics,,,
nineteenth.works,available,76,3%,10,Mathematics,,,
thirteenth.works,available,76,4%,10,Mathematics,,,
fifteenth.works,available,76,2%,9,Mathematics,,,
adaptable.works,resell,76,9%,9,"Business,Education,Technology",21/07/2024 17:00,21/07/2026 17:00,Domain Science Kutatási Szolgáltató Korlátolt Felelősségű Társaság
ventral.works,available,76,3%,7,Science,,,
improvise.works,available,76,4%,9,Entertainment,,,
adherent.works,available,76,4%,8,"Politics,Religion",,,
obscene.works,available,76,5%,7,"Entertainment,Media",,,
firstrate.works,available,76,6%,10,Business,,,
incidental.works,available,76,4%,10,"Healthcare,Insurance,Transportation",,,
thousandth.works,available,76,1%,10,Mathematics,,,
adipose.works,available,76,2%,7,"Healthcare,Science",,,
abrasive.works,available,76,6%,8,"Construction,Manufacturing",,,
fourteenth.works,resell,76,1%,10,Mathematics,10/08/2024 12:59,10/08/2026 12:59,"NameCheap, Inc."
resultant.works,available,76,2%,9,"Healthcare,Insurance,Transportation",,,
ague.works,available,76,2%,4,"Geography,Medicine,Science",,,
diamond.works,available,76,32%,7,Fashion,,,
adhesive.works,available,76,7%,8,"Construction,Manufacturing,Technology",,,
addable.works,available,76,2%,7,"Engineering,Mathematics,Science",,,
auxiliary.works,available,76,7%,9,"Healthcare,Manufacturing,Technology",,,
eighteen.works,available,76,7%,8,Mathematics,,,
ancillary.works,available,76,6%,9,"Healthcare,Manufacturing,Technology",,,
skilful.works,available,74,3%,7,"Education,Health and Fitness,Sports",,,
adrenergic.works,available,74,1%,10,"Education,Healthcare,Science",,,
admirable.works,available,74,5%,9,"Business,Education,Healthcare",,,
single.works,available,74,19%,6,Sports,,,
acuate.works,available,74,2%,6,"Engineering,Medicine,Science",,,
mavin.works,available,74,7%,5,"Entertainment,Fashion,Technology",,,
supra.works,resell,74,25%,5,"Medicine,Science",26/06/2025 17:00,26/06/2026 17:00,Dynadot Inc
accepting.works,available,74,3%,9,"Education,Healthcare",,,
achievable.works,available,74,4%,10,"Business,Education,Technology",,,
realizable.works,available,74,1%,10,"Business,Education,Technology",,,
sensation.works,available,74,7%,9,"Entertainment,Media,Sports",,,
adamant.works,available,74,14%,7,Religion,,,
activated.works,available,74,9%,9,"Healthcare,Manufacturing,Technology",,,
adenoid.works,available,74,1%,7,"Health and Fitness,Medicine,Science",,,
ninetieth.works,available,72,1%,9,Mathematics,,,
adiabatic.works,available,72,3%,9,"Engineering,Science",,,
trinity.works,available,72,18%,7,Religion,,,
engrossed.works,available,72,1%,9,"Entertainment,Media,Technology",,,
seventieth.works,available,72,1%,10,Mathematics,,,
addicted.works,available,72,9%,8,Healthcare,,,
adaptative.works,available,72,1%,10,"Business,Education,Technology",,,
abloom.works,available,72,5%,6,Agriculture,,,
adonic.works,available,72,2%,6,"Arts,Education,Entertainment",,,
aching.works,available,72,4%,6,Healthcare,,,
accusative.works,available,72,0%,10,"Humanities,Law",,,
existent.works,available,72,3%,8,"Mathematics,Science",,,
improvize.works,available,72,1%,9,Entertainment,,,
liv.works,resell,72,27%,3,Mathematics,09/05/2025 15:15,09/05/2026 15:15,Domain Science Kutatási Szolgáltató Korlátolt Felelősségű Társaság
ablaze.works,available,72,6%,6,Entertainment,,,
abreast.works,available,72,2%,7,"Business,Technology",,,
absorbed.works,available,72,2%,8,"Entertainment,Media,Technology",,,
adjectival.works,available,72,1%,10,Education,,,
trey.works,available,72,14%,4,Sports,,,
accustomed.works,available,72,1%,10,"Business,Education,Humanities",,,
sixtieth.works,available,72,1%,8,Mathematics,,,
adjunctive.works,available,72,1%,10,"Healthcare,Manufacturing,Technology",,,
absolutist.works,available,72,1%,10,"Humanities,Law,Politics",,,
ternary.works,available,72,7%,7,Mathematics,,,
champion.works,resell,72,28%,8,"Entertainment,Health and Fitness,Sports",02/12/2024 10:09,02/12/2025 10:09,"Sav.com, LLC"
eightieth.works,available,72,1%,9,Mathematics,,,
offhand.works,available,70,2%,7,Entertainment,,,
stillborn.works,available,70,2%,9,"Medicine,Science",,,
admired.works,available,70,5%,7,"Business,Education,Healthcare",,,
skillful.works,available,70,9%,8,"Education,Health and Fitness,Sports",,,
gymnastic.works,available,70,3%,9,"Entertainment,Sports",,,
abulic.works,available,70,1%,6,Medicine,,,
accumbent.works,available,70,1%,9,"Healthcare,Medicine,Science",,,
absorbing.works,available,70,3%,9,"Entertainment,Media,Technology",,,
miserable.works,available,70,4%,9,Humanities,,,
abradant.works,available,70,1%,8,"Construction,Manufacturing",,,
consequent.works,available,70,3%,10,"Business,Education,General,Technology",,,
adamantine.works,available,70,4%,10,Religion,,,
recumbent.works,available,70,2%,9,"Healthcare,Medicine,Science",,,
acuminate.works,available,70,1%,9,"Engineering,Medicine,Science",,,
practiced.works,available,70,3%,9,"Education,Health and Fitness,Sports",,,
adjusted.works,available,70,5%,8,"Manufacturing,Retail,Technology",,,
adored.works,available,70,6%,6,"Entertainment,Fashion,Retail",,,
lowdown.works,available,70,6%,8,"Entertainment,Media",,,
accredited.works,available,68,9%,10,"Business,Education,Healthcare",,,
acerate.works,available,68,1%,7,Science,,,
octonary.works,available,68,1%,8,Mathematics,,,
stygian.works,available,68,5%,7,Humanities,,,
scurvy.works,available,68,3%,6,Humanities,,,
licensed.works,available,68,5%,8,"Business,Healthcare,Insurance",,,
licenced.works,available,68,2%,8,"Business,Healthcare,Insurance",,,
decorated.works,available,68,3%,9,"Entertainment,Fashion,Retail",,,
achaean.works,available,68,2%,7,Humanities,,,
ennead.works,available,68,5%,6,Mathematics,,,
aberdonian.works,available,68,1%,10,Geography,,,
abducent.works,available,68,0%,8,Medicine,,,
threesome.works,available,68,5%,9,Entertainment,,,
aroused.works,available,68,3%,7,"Entertainment,Health and Fitness",,,
ane.works,available,68,12%,3,Mathematics,,,
fortieth.works,available,68,0%,8,Mathematics,,,
thirtieth.works,available,68,1%,9,Mathematics,,,
activating.works,available,68,3%,10,"Healthcare,Manufacturing,Technology",,,
abnaki.works,available,68,1%,6,Geography,,,
achaian.works,available,68,2%,7,Humanities,,,
septenary.works,available,68,1%,9,Mathematics,,,
abkhas.works,available,68,0%,6,Geography,,,
foursome.works,available,68,4%,8,Sports,,,
fiftieth.works,available,68,0%,8,Mathematics,,,
aculeate.works,available,68,1%,8,"Engineering,Medicine,Science",,,
vindicated.works,available,68,2%,10,"Humanities,Law,Politics",,,
sevener.works,available,68,1%,7,Mathematics,,,
ablative.works,available,68,3%,8,Science,,,
exonerated.works,available,66,2%,10,"Humanities,Law,Politics",,,
eighty.works,available,66,6%,6,Mathematics,,,
acervate.works,available,66,1%,8,Science,,,
latest.works,expired,66,18%,6,Technology,19/06/2014 11:50,19/06/2025 11:50,"NameSilo, LLC"
sextet.works,available,66,1%,6,Entertainment,,,
thirty.works,available,66,8%,6,Mathematics,,,
ninety.works,available,66,11%,6,Mathematics,,,
adopted.works,available,66,4%,7,"Education,Healthcare",,,
modish.works,available,66,5%,6,Fashion,,,
performing.works,available,66,6%,10,Entertainment,,,
xxv.works,available,66,6%,3,Mathematics,,,
xxii.works,available,66,6%,4,Mathematics,,,
adorned.works,available,66,5%,7,"Entertainment,Fashion,Retail",,,
buzzing.works,available,66,7%,7,"Entertainment,Media,Technology",,,
accessary.works,available,66,1%,9,"Business,Law,Technology",,,
fifty.works,available,66,12%,5,Mathematics,,,
xxvi.works,available,66,3%,4,Mathematics,,,
tenner.works,available,66,5%,6,Finance,,,
abstinent.works,available,66,1%,9,"Health and Fitness,Religion",,,
xii.works,available,66,10%,3,Mathematics,,,
xiii.works,available,66,9%,4,Mathematics,,,
acrobatic.works,available,66,4%,9,"Entertainment,Sports",,,
teenager.works,available,66,4%,8,"Education,Entertainment,Healthcare",,,
onec.works,available,66,6%,5,Mathematics,,,
xvii.works,available,66,5%,4,Mathematics,,,
according.works,available,66,3%,9,"Business,Education,Technology",,,
xxi.works,available,66,10%,3,Mathematics,,,
xviii.works,available,66,5%,5,Mathematics,,,
acappella.works,available,66,6%,10,Entertainment,,,
century.works,available,66,17%,7,Education,,,
clv.works,available,66,10%,3,Mathematics,,,
xvi.works,available,66,5%,3,Mathematics,,,
rising.works,available,64,18%,6,"Construction,Manufacturing,Real Estate",,,
adagio.works,available,64,14%,6,Entertainment,,,
astringent.works,available,64,1%,10,"Healthcare,Pharmaceuticals",,,
scatty.works,available,64,1%,6,"Arts,Entertainment,Media",,,
absolved.works,available,64,1%,8,"Humanities,Law,Religion",,,
ccc.works,expiring,64,38%,3,Mathematics,19/09/2021 19:47,19/09/2025 19:47,"NameCheap, Inc."
accordant.works,available,64,3%,9,"Arts,Entertainment",,,
nondrinker.works,available,64,1%,10,"Health and Fitness,Religion",,,
acentric.works,available,64,2%,8,Science,,,
deviant.works,available,64,12%,7,"Medicine,Science",,,
aflame.works,available,64,3%,6,Entertainment,,,
roughly.works,available,62,3%,7,"Business,Media,Technology",,,
activation.works,available,62,16%,10,"Healthcare,Manufacturing,Technology",,,
cumulative.works,available,62,2%,10,"Banking,Finance,Insurance",,,
abo.works,available,62,15%,3,Science,,,
eighteenth.works,available,62,1%,10,Mathematics,,,
activistic.works,available,62,1%,10,"Humanities,Politics",,,
aufait.works,available,62,3%,7,"Fashion,Media",,,
twodozen.works,available,62,1%,9,Mathematics,,,
quartet.works,available,62,7%,7,"Arts,Entertainment",,,
fortyfour.works,available,62,6%,10,Mathematics,,,
aborigine.works,available,62,1%,9,Humanities,,,
orso.works,available,62,9%,5,"Business,Media,Technology",,,
exculpated.works,available,62,1%,10,"Humanities,Law,Politics",,,
eleventh.works,available,62,5%,8,Mathematics,,,
wrapped.works,available,62,13%,7,"Fashion,Hospitality,Retail",,,
adjuvant.works,available,62,5%,8,"Healthcare,Manufacturing,Technology",,,
accrued.works,available,62,2%,7,"Banking,Finance,Insurance",,,
pungent.works,available,62,1%,7,Food and Beverage,,,
longdozen.works,available,62,2%,10,Mathematics,,,
ensuant.works,available,62,1%,7,"Healthcare,Insurance,Transportation",,,
troika.works,available,62,8%,6,Politics,,,
sixteenth.works,available,62,1%,9,Mathematics,,,
chiliad.works,available,62,2%,7,Mathematics,,,
accusing.works,available,62,1%,8,Law,,,
adoptive.works,available,62,1%,8,"Education,Healthcare",,,
admissible.works,available,62,1%,10,"Education,Healthcare,Law",,,
nail.works,resell,62,16%,4,"Construction,Fashion,General,Retail",01/01/2025 17:17,01/01/2026 17:17,"Sav.com, LLC"
acidic.works,available,62,5%,6,"Food and Beverage,Science",,,
playacting.works,available,62,1%,10,Entertainment,,,
abashed.works,available,60,1%,7,Humanities,,,
aboveboard.works,available,60,5%,10,"Business,Law",,,
acceptive.works,available,60,1%,9,"Education,Healthcare",,,
xcl.works,available,60,5%,3,Mathematics,,,
abstainer.works,available,60,0%,9,"Health and Fitness,Religion",,,
cxl.works,available,60,7%,3,Mathematics,,,
cxxxv.works,available,60,2%,5,Mathematics,,,
clxxx.works,available,60,1%,5,Mathematics,,,
cxxx.works,available,60,4%,4,Mathematics,,,
adnate.works,available,60,1%,6,"Agriculture,Manufacturing,Retail",,,
idolized.works,available,60,3%,8,"Entertainment,Fashion,Retail",,,
clxx.works,available,60,3%,4,Mathematics,,,
clx.works,available,60,10%,3,Mathematics,,,
octet.works,available,60,12%,5,Arts,,,
paunchy.works,available,60,0%,7,"Health and Fitness,Medicine",,,
annexal.works,available,60,1%,7,"Agriculture,Manufacturing,Retail",,,
abstemious.works,available,60,0%,10,"Food and Beverage,Health and Fitness,Hospitality",,,
idolised.works,available,60,1%,8,"Entertainment,Fashion,Retail",,,
cxxv.works,available,60,1%,4,Mathematics,,,
eightysix.works,available,60,7%,10,Mathematics,,,
thou.works,available,60,7%,4,Mathematics,,,
cxlv.works,available,60,2%,4,Mathematics,,,
cxx.works,available,60,10%,3,Mathematics,,,
cautionary.works,available,60,1%,10,"Business,Education,Healthcare",,,
adnexal.works,available,60,1%,7,"Agriculture,Manufacturing,Retail",,,
clxxv.works,available,60,1%,5,Mathematics,,,
tertiary.works,available,60,4%,8,Education,,,
cxv.works,available,60,4%,3,Mathematics,,,
clxv.works,available,60,1%,4,Mathematics,,,
tercet.works,available,59,2%,6,"Arts,Entertainment,Media",,,
abuzz.works,available,58,5%,5,"Entertainment,Media,Technology",,,
eighter.works,available,58,2%,7,Mathematics,,,
ache.works,available,58,7%,4,Healthcare,,,
acetic.works,available,58,1%,6,"Food and Beverage,Science",,,
niner.works,available,58,5%,5,Mathematics,,,
abused.works,available,58,5%,6,"Healthcare,Law",,,
lxxviii.works,available,58,1%,7,Mathematics,,,
fourscore.works,available,58,4%,9,Mathematics,,,
acyclic.works,available,58,4%,7,"Engineering,Mathematics,Science",,,
octad.works,available,58,5%,5,Mathematics,,,
accretive.works,available,58,6%,9,"Banking,Finance,Insurance",,,
closeto.works,available,58,3%,8,"Business,Media,Technology",,,
accented.works,available,58,3%,8,"Arts,Entertainment",,,
offhanded.works,available,58,1%,9,Entertainment,,,
heptad.works,available,58,1%,6,Mathematics,,,
lxxx.works,available,58,2%,4,Mathematics,,,
hexad.works,available,58,4%,5,Mathematics,,,
justabout.works,available,58,3%,10,"Business,Media,Technology",,,
seventy.works,available,58,7%,7,Mathematics,,,
actuarial.works,available,58,8%,9,"Finance,Insurance,Mathematics",,,
sixtyone.works,available,58,3%,9,Mathematics,,,
enwrapped.works,available,58,0%,9,"Entertainment,Fashion,Media",,,
adjustive.works,available,58,1%,9,"Manufacturing,Retail,Technology",,,
adient.works,available,58,4%,6,"Medicine,Science",,,
tetrad.works,available,58,5%,6,Mathematics,,,
centesimal.works,available,58,1%,10,Mathematics,,,
abridged.works,available,58,4%,8,Media,,,
twelfth.works,available,58,2%,7,Mathematics,,,
pentad.works,available,58,2%,6,Mathematics,,,
sixer.works,available,58,5%,5,Sports,,,
accoutred.works,available,58,1%,9,"Fashion,Manufacturing,Retail",,,
addressed.works,available,58,3%,9,"Business,Technology,Telecommunications",,,
aucourant.works,available,58,3%,10,"Fashion,Media",,,
addible.works,available,58,2%,7,"Engineering,Mathematics,Science",,,
sextuplet.works,available,58,1%,9,Healthcare,,,
aone.works,available,56,15%,5,Food and Beverage,,,
lvi.works,available,56,8%,3,Mathematics,,,
lvii.works,available,56,1%,4,Mathematics,,,
xxxi.works,available,56,9%,4,Mathematics,,,
xxxv.works,available,56,4%,4,Mathematics,,,
admittible.works,available,56,1%,10,"Education,Healthcare,Hospitality",,,
abeyant.works,available,56,1%,7,"Business,Law",,,
xlii.works,available,56,5%,4,Mathematics,,,
xxxiv.works,available,56,1%,5,Mathematics,,,
xli.works,available,56,5%,3,Mathematics,,,
xlvii.works,available,56,2%,5,Mathematics,,,
abdominous.works,available,56,0%,10,"Health and Fitness,Medicine",,,
fiftyfour.works,available,56,3%,10,Mathematics,,,
thirtysix.works,available,56,5%,10,Mathematics,,,
xxxii.works,available,56,1%,5,Mathematics,,,
accoutered.works,available,56,0%,10,"Fashion,Manufacturing,Retail",,,
xlvi.works,available,56,3%,4,Mathematics,,,
fiftytwo.works,available,56,6%,9,Mathematics,,,
thirtytwo.works,available,56,5%,10,Mathematics,,,
fiftynine.works,available,56,4%,10,Mathematics,,,
potbellied.works,available,56,0%,10,"Health and Fitness,Medicine",,,
thirtyone.works,available,56,5%,10,Mathematics,,,
fortysix.works,available,56,3%,9,Mathematics,,,
halfdozen.works,available,56,1%,10,Mathematics,,,
xxiii.works,available,56,5%,5,Mathematics,,,
xxxvii.works,available,56,2%,6,Mathematics,,,
fiftysix.works,available,56,4%,9,Mathematics,,,
admissive.works,available,56,1%,9,"Education,Healthcare,Hospitality",,,
appressed.works,available,56,0%,9,"Agriculture,Manufacturing,Retail",,,
admittable.works,available,56,1%,10,"Education,Healthcare,Hospitality",,,
xliii.works,available,56,1%,5,Mathematics,,,
xxxvi.works,available,56,1%,5,Mathematics,,,
terzetto.works,available,56,3%,8,Arts,,,
xlviii.works,available,56,1%,6,Mathematics,,,
xxix.works,available,56,4%,4,Mathematics,,,
xxiv.works,available,56,5%,4,Mathematics,,,
xliv.works,available,56,2%,4,Mathematics,,,
lii.works,available,56,7%,3,Mathematics,,,
liii.works,available,56,4%,4,Mathematics,,,
fortynine.works,available,56,3%,10,Mathematics,,,
xxviii.works,available,56,1%,6,Mathematics,,,
lviii.works,available,56,1%,5,Mathematics,,,
ilx.works,available,56,5%,3,Mathematics,,,
addled.works,available,56,2%,6,Entertainment,,,
maledict.works,available,56,1%,8,Religion,,,
xxvii.works,available,56,3%,5,Mathematics,,,
xxxviii.works,available,56,1%,7,Mathematics,,,
fortyone.works,available,56,4%,9,Mathematics,,,
fiftyfive.works,available,56,7%,10,Mathematics,,,
xxxiii.works,available,56,2%,6,Mathematics,,,
achy.works,available,54,3%,4,Healthcare,,,
adaxial.works,available,54,2%,7,Science,,,
accentual.works,available,54,3%,9,"Arts,Entertainment",,,
fortyfive.works,available,54,4%,10,Mathematics,,,
quadruplet.works,available,54,1%,10,"Healthcare,Medicine,Science",,,
abducens.works,available,54,1%,8,Medicine,,,
unnatural.works,available,54,4%,9,"Medicine,Science",,,
abasic.works,available,54,1%,6,Science,,,
viii.works,available,54,6%,4,Mathematics,,,
adductive.works,available,54,0%,9,"Engineering,Mathematics,Science",,,
abaxial.works,available,54,1%,7,Science,,,
adpressed.works,available,54,0%,9,"Agriculture,Manufacturing,Retail",,,
acoustical.works,available,54,4%,10,Science,,,
threescore.works,available,54,1%,10,Mathematics,,,
quatern.works,available,54,2%,7,Mathematics,,,
deuceace.works,available,54,2%,9,Sports,,,
quintuplet.works,available,54,1%,10,"Healthcare,Medicine,Science",,,
adducent.works,available,54,1%,8,"Engineering,Mathematics,Science",,,
quaternion.works,available,54,6%,10,Mathematics,,,
admonitory.works,available,54,0%,10,"Business,Education,Healthcare",,,
ternion.works,available,54,3%,7,Mathematics,,,
twoscore.works,available,54,2%,8,Mathematics,,,
achromatic.works,available,54,4%,10,Science,,,
monitory.works,available,54,3%,8,"Business,Education,Healthcare",,,
deserted.works,available,54,3%,8,"Hospitality,Real Estate",,,
abhorrent.works,available,54,1%,9,Humanities,,,
iii.works,available,54,24%,3,Mathematics,,,
vii.works,available,54,13%,3,Mathematics,,,
sise.works,available,54,5%,4,Mathematics,,,
abient.works,available,54,1%,6,Science,,,
adjuratory.works,available,54,0%,10,"Law,Politics,Religion",,,
adducting.works,available,54,1%,9,"Engineering,Mathematics,Science",,,
topnotch.works,available,54,18%,8,Business,,,
scratchy.works,available,54,3%,8,Fashion,,,
aboral.works,available,54,2%,6,Science,,,
fin.works,resell,54,30%,3,Finance,04/06/2025 17:00,04/06/2026 17:00,Dynadot Inc
quaternity.works,available,54,4%,10,Mathematics,,,
accursed.works,available,54,3%,8,"Entertainment,Media,Religion",,,
abatable.works,available,54,1%,8,Law,,,
abatic.works,available,54,1%,6,Science,,,
actuated.works,available,54,2%,8,"Automotive,Manufacturing,Technology",,,
septet.works,available,53,1%,6,General,,,
sestet.works,available,53,1%,6,Arts,,,
xxx.works,available,53,30%,3,"Arts,Entertainment,Media",,,
lxxvi.works,available,52,1%,5,Mathematics,,,
eightyone.works,available,52,3%,10,Mathematics,,,
adenoidal.works,available,52,1%,9,"Health and Fitness,Medicine,Science",,,
ninetyone.works,available,52,5%,10,Mathematics,,,
lxxvii.works,available,52,2%,6,Mathematics,,,
xcvi.works,available,52,2%,4,Mathematics,,,
lxxxvii.works,available,52,1%,7,Mathematics,,,
abominable.works,available,52,2%,10,"Entertainment,Humanities",,,
lxxiii.works,available,52,1%,6,Mathematics,,,
lxiii.works,available,52,2%,5,Mathematics,,,
abysmal.works,available,52,4%,7,"Arts,Entertainment,Media",,,
ixc.works,available,52,5%,3,Mathematics,,,
lxxv.works,available,52,1%,4,Mathematics,,,
xci.works,available,52,4%,3,Mathematics,,,
ablated.works,available,52,1%,7,Science,,,
lxxxii.works,available,52,1%,6,Mathematics,,,
lxiv.works,available,52,3%,4,Mathematics,,,
sixtyfive.works,available,52,3%,10,Mathematics,,,
eightytwo.works,available,52,4%,10,Mathematics,,,
lxxxvi.works,available,52,1%,6,Mathematics,,,
littlejoe.works,available,52,2%,10,"Entertainment,Media",,,
aboulic.works,available,52,1%,7,Medicine,,,
lxvi.works,available,52,3%,4,Mathematics,,,
sixtytwo.works,available,52,3%,9,Mathematics,,,
lxi.works,available,52,5%,3,Mathematics,,,
lxvii.works,available,52,1%,5,Mathematics,,,
ninetysix.works,available,52,4%,10,Mathematics,,,
xcvii.works,available,52,1%,5,Mathematics,,,
lxviii.works,available,52,1%,6,Mathematics,,,
lxxiv.works,available,52,1%,5,Mathematics,,,
sixtysix.works,available,52,4%,9,Mathematics,,,
xciii.works,available,52,1%,5,Mathematics,,,
lxxxiv.works,available,52,1%,6,Mathematics,,,
repulsive.works,available,52,1%,9,Humanities,,,
lxxi.works,available,52,1%,4,Mathematics,,,
abusive.works,available,52,3%,7,"Healthcare,Law",,,
decumbent.works,available,52,1%,9,"Healthcare,Medicine,Science",,,
xciv.works,available,52,2%,4,Mathematics,,,
odious.works,available,52,2%,6,"Entertainment,Humanities",,,
lxxxi.works,available,52,1%,5,Mathematics,,,
chagrined.works,available,52,1%,9,Humanities,,,
xcii.works,available,52,2%,4,Mathematics,,,
ixl.works,available,52,9%,3,Mathematics,,,
ninetytwo.works,available,52,4%,10,Mathematics,,,
detestable.works,available,52,1%,10,Humanities,,,
lxxxiii.works,available,52,1%,7,Mathematics,,,
lxxii.works,available,52,1%,5,Mathematics,,,
lxxxv.works,available,52,1%,5,Mathematics,,,
abstruse.works,available,52,5%,8,"Humanities,Mathematics,Science",,,
repugnant.works,available,52,1%,9,Humanities,,,
sixtyfour.works,available,52,3%,10,Mathematics,,,
lxv.works,available,52,5%,3,Mathematics,,,
xcviii.works,available,52,1%,6,Mathematics,,,
needlelike.works,available,50,0%,10,"Engineering,Medicine,Science",,,
acetous.works,available,50,1%,7,Science,,,
vinegary.works,available,50,1%,8,Food and Beverage,,,
abbatial.works,available,50,0%,8,Religion,,,
cinque.works,available,50,7%,6,Mathematics,,,
acapnic.works,available,50,0%,7,"Healthcare,Medicine,Science",,,
acerbic.works,available,50,2%,7,"Arts,Humanities,Media",,,
abomasal.works,available,50,0%,8,Agriculture,,,
acaudal.works,available,50,1%,7,"Agriculture,Science",,,
aculeated.works,available,50,0%,9,"Engineering,Medicine,Science",,,
aborticide.works,available,50,0%,10,Medicine,,,
acapnotic.works,available,50,0%,9,"Healthcare,Medicine,Science",,,
adhominem.works,available,50,2%,10,"Humanities,Law,Politics",,,
triplet.works,available,50,8%,7,Science,,,
acerb.works,available,50,2%,5,Science,,,
gillless.works,available,50,0%,9,Science,,,
acetose.works,available,50,1%,7,Science,,,
abdicable.works,available,50,0%,9,Law,,,
adactylous.works,available,50,0%,10,Science,,,
abducting.works,available,50,0%,9,Medicine,,,
abranchial.works,available,50,0%,10,Science,,,
ogdoad.works,available,50,1%,6,Mathematics,,,
acquitted.works,available,50,1%,9,Law,,,
abactinal.works,available,50,0%,9,Science,,,
trine.works,available,50,11%,5,"General,Religion",,,
broached.works,available,50,0%,8,Food and Beverage,,,
acerose.works,available,50,1%,7,Science,,,
scummy.works,available,50,1%,6,Humanities,,,
lxx.works,available,50,5%,3,Mathematics,,,
spinous.works,available,50,1%,7,"Agriculture,Science",,,
acellular.works,available,50,1%,9,Science,,,
execrable.works,available,48,0%,9,"Entertainment,Humanities",,,
ilxxx.works,available,48,1%,5,Mathematics,,,
abstracted.works,available,48,5%,10,"Arts,Humanities,Science",,,
lxxxviii.works,available,48,1%,8,Mathematics,,,
notguilty.works,available,48,5%,10,Law,,,
ilxx.works,available,48,1%,4,Mathematics,,,
achromic.works,available,46,2%,8,Science,,,
acetylenic.works,available,46,1%,10,Science,,,
acaudate.works,available,46,1%,8,"Agriculture,Science",,,
acanthous.works,available,46,0%,9,"Agriculture,Science",,,
vinegarish.works,available,46,1%,10,Food and Beverage,,,
acheronian.works,available,46,1%,10,Humanities,,,
stemless.works,available,46,2%,8,"Agriculture,Science",,,
quaternary.works,available,46,3%,10,Mathematics,,,
acetonic.works,available,46,1%,8,Science,,,
acephalous.works,available,46,1%,10,Science,,,
acetabular.works,available,46,1%,10,Science,,,
cotyloid.works,available,46,1%,8,Science,,,
achenial.works,available,46,1%,8,Science,,,
acarpous.works,available,46,0%,8,"Agriculture,Science",,,
acanthoid.works,available,46,1%,9,"Agriculture,Science",,,
acetylic.works,available,46,1%,8,Science,,,
acarpelous.works,available,46,0%,10,"Agriculture,Science",,,
acapnial.works,available,46,0%,8,"Healthcare,Medicine,Science",,,
theabsurd.works,available,46,1%,10,"Arts,Entertainment,Media",,,
stripling.works,available,46,2%,9,"Education,Entertainment,Healthcare",,,
achromous.works,available,46,1%,9,Science,,,
acicular.works,available,46,2%,8,Science,,,
acanthotic.works,available,46,0%,10,"Agriculture,Science",,,
cotyloidal.works,available,44,1%,10,Science,,,
accusatory.works,available,44,1%,10,Law,,,
acherontic.works,available,44,1%,10,Humanities,,,
abscessed.works,available,41,0%,9,Healthcare,,,
accurst.works,available,40,1%,7,Religion,,,
accusive.works,available,40,1%,8,Law,,,
scurrilous.works,available,40,1%,10,"Entertainment,Media,Politics",,,